id,name,city,website,email,contactPhone,address,studentCount,tuitionRange,hasDormitory,hasGrants,hasMilitaryDepartment,logoUrl,description,majors,specialtyCodes,passingScore,applicationDeadline,requirements
1,Некоммерческое акционерное общество «Евразийский национальный университет имени Л.Н. Гумилева»,Астана,https://enu.kz,enu@enu.kz,8 7172 70 95 00,"010000, г.Астана, улица Қаныш Сәтбаев, дом № 2",11197,1 350 000 - 1 600 000 тг/год,true,true,,,"Один из ведущих национальных университетов Казахстана. Основан в 1996 году. Предлагает более 100 образовательных программ бакалавриата, магистратуры и докторантуры.",,,50,15-25 Июля,ЕНТ
10,Некоммерческое акционерное общество «Казахский национальный женский педагогический университет»,Алматы,https://qyzpu.edu.kz,info@qyzpu.edu.kz,8 7272 33 18 36,"050000, г.Алматы, улица Гоголя, дом № 114",7841,500 000 - 1 000 000 тг/год,true,true,,,"Единственный женский педагогический университет в Центральной Азии. Специализация: педагогика, психология, филология, естественные науки.",,,50,15-25 Июля,ЕНТ
100,Учреждение «Международный Таразский инновационный университет имени Шерхана Муртазы»,Жамбылская область,https://tiiu.edu.kz,info@tiiu.edu.kz,8 7262 54 11 26,"080000, Жамбылская область, г.Тараз, улица Желтоксан, здание № 69Б",5356,500 000 - 1 000 000 тг/год,true,true,,,"Международный Таразский инновационный университет. IT, инженерия, экономика, педагогика.",,,50,15-25 Июля,ЕНТ
101,Частное высшее профессиональное образовательное учреждение «Западно-Казахстанский инновационно-технологический университет»,Западно-Казахстанская область,https://wkitu.edu.kz,info@wkitu.edu.kz,8 7112 50 99 90,"090000, Западно-Казахстанская область, г.Уральск, проспект Нурсултана Назарбаева, дом № 194",2377,500 000 - 900 000 тг/год,false,true,,,"Западно-Казахстанский инновационно-технологический университет в Уральске. IT, инженерия, экономика.",,,50,15-25 Июля,ЕНТ
102,Негосударственное учреждение образования «Казахстанский университет инновационных и телекоммуникационных систем»,Западно-Казахстанская область,https://kuits.edu.kz,info@kuits.edu.kz,8 705 387 88 82,"090000, Западно-Казахстанская область, г.Уральск, улица М.МАМЕТОВОЙ, дом № 81",281,400 000 - 800 000 тг/год,false,true,,,Казахстанский университет инновационных и телекоммуникационных систем в Уральске.,,,50,15-25 Июля,ЕНТ
103,Товарищество с ограниченной ответственностью «Astana IT University»,Астана,https://astanait.edu.kz,info@astanait.edu.kz,8 7172 64 57 16,"010000, г.Астана, Проспект Мангилик Ел, дом № 55/11",6909,2 500 000 тг/год,true,true,,,"Ведущий IT-университет Казахстана. Специальности: Computer Science, Software Engineering, Data Science, Cybersecurity, IT Management.",,,50,15-25 Июля,ЕНТ
104,Товарищество с ограниченной ответственностью «Международный университет «Астана»,Астана,https://aiu.edu.kz,info@aiu.edu.kz,8 7172 24 36 68,"010000, г.Астана, Проспект Қабанбай Батыра, дом № 8",485,1 500 000 - 2 500 000 тг/год,true,true,,,"Международный университет «Астана». Бизнес, IT, право, международные отношения. Программы на английском.",,,50,15-25 Июля,ЕНТ
105,Некоммерческое акционерное общество «Международный университет туризма и гостеприимства»,Туркестанская область,https://iuth.edu.kz,info@iuth.edu.kz,8 7253 35 87 16,"161200, Туркестанская область, г.Туркестан, улица Рабига Сұлтан Бегим, дом № 14А",2558,500 000 - 1 000 000 тг/год,true,true,,,"Международный университет туризма и гостеприимства в Туркестане. Туризм, гостиничный бизнес, сервис.",,,50,15-25 Июля,ЕНТ
106,Акционерное общество «ALT университет имени Мухамеджана Тынышпаева»,Алматы,https://alt.edu.kz,info@alt.edu.kz,8 707 888 19 31,"050012, г.Алматы, улица Шевченко, дом № 97",765,600 000 - 1 200 000 тг/год,false,true,,,"ALT университет в Алматы. Транспорт, логистика, строительство, IT, экономика.",,,50,15-25 Июля,ЕНТ
107,Товарищество с ограниченной ответственностью «Казахский национальный университет спорта»,Астана,https://kaznus.edu.kz,info@kaznus.edu.kz,8 700 957 00 68,"010000, г.Астана, Проспект Мангилик Ел, В2.2",73,800 000 - 1 500 000 тг/год,true,true,,,"Казахский национальный университет спорта в Астане. Физкультура, спорт, спортивный менеджмент.",,,50,15-25 Июля,ЕНТ
108,Учреждение «Костанайский социально-технический университет имени академика Зулхарнай Алдамжар»,Костанайская область,https://kstu-kostanay.edu.kz,info@kstu-kostanay.edu.kz,8 7142 55 41 42,"110000, Костанайская область, г.Костанай, улица Кобыланды батыра, дом № 27",40,400 000 - 700 000 тг/год,false,true,,,"Костанайский социально-технический университет. IT, экономика, юриспруденция, педагогика.",,,50,15-25 Июля,ЕНТ
109,Товарищество с ограниченной ответственностью «Кызылординский Университет «Болашак»,Кызылординская область,https://bolashaq-kz.edu.kz,info@bolashaq-kz.edu.kz,8 7242 30 01 65,"120000, Кызылординская область, г.Кызылорда, Микрорайон ЛЕВЫЙ БЕРЕГ, здание № 115",144,400 000 - 700 000 тг/год,false,true,,,"Кызылординский университет «Болашак». Экономика, юриспруденция, педагогика, IT.",,,50,15-25 Июля,ЕНТ
11,Некоммерческое акционерное общество «Жетысуский университет имени Ильяса Жансугурова»,область Жетісу,https://zhetysu.edu.kz,info@zhetysu.edu.kz,8 7282 22 21 94,"040009, область Жетісу, г.Талдыкорган, улица И.Жансугурова, дом № 187А",5082,450 000 - 900 000 тг/год,true,true,,,"Региональный университет в Талдыкоргане. Специальности: педагогика, гуманитарные и естественные науки, экономика, право, инженерия.",,,50,15-25 Июля,ЕНТ
110,Некоммерческое акционерное общество «Казахский национальный медицинский университет имени С. Д. Асфендиярова»,Алматы,https://kaznmu.kz,info@kaznmu.kz,8 7273 38 70 90,"050012, г.Алматы, улица Толе би, дом № 94",60,1 500 000 - 3 000 000 тг/год,true,true,,,"Крупнейший медицинский вуз Казахстана. Общая медицина, стоматология, фармация, общественное здравоохранение.",,,50,15-25 Июля,ЕНТ
111,Некоммерческое акционерное общество «Западно-Казахстанский медицинский университет имени Марата Оспанова»,Актюбинская область,https://zkmu.edu.kz,info@zkmu.edu.kz,8 7132 56 34 25,"030019, Актюбинская область, г.Актобе, улица Маресьева, дом № 68",48,1 200 000 - 2 000 000 тг/год,true,true,,,"Западно-Казахстанский медицинский университет в Актобе. Общая медицина, стоматология, педиатрия.",,,50,15-25 Июля,ЕНТ
112,Некоммерческое акционерное общество «Медицинский университет Семей»,область Абай,https://semeymeduniversity.kz,info@semeymeduniversity.kz,8 7222 56 97 55 (1013),"071400, область Абай, г.Семей, улица Абая Кунанбаева, дом № 103",192,1 000 000 - 1 800 000 тг/год,true,true,,,"Медицинский университет Семей. Общая медицина, стоматология, общественное здравоохранение.",,,50,15-25 Июля,ЕНТ
113,Некоммерческое акционерное общество «Карагандинский медицинский университет»,Карагандинская область,https://qmu.edu.kz,info@qmu.edu.kz,8 7212 50 39 30,"100008, Карагандинская область, г.Караганда, улица Гоголя, дом № 40",710,1 200 000 - 2 200 000 тг/год,true,true,,,"Карагандинский медицинский университет. Общая медицина, стоматология, фармация, общественное здравоохранение.",,,50,15-25 Июля,ЕНТ
114,Акционерное общество «Южно-Казахстанская медицинская академия»,Шымкент,https://skma.edu.kz,info@skma.edu.kz,8 7252 39 57 57 (1015),"160000, г.Шымкент, ПЛОЩАДЬ АЛЬ-ФАРАБИ, дом № 1",101,1 000 000 - 1 800 000 тг/год,true,true,,,"Южно-Казахстанская медицинская академия в Шымкенте. Общая медицина, стоматология, фармация.",,,50,15-25 Июля,ЕНТ
115,Некоммерческое Акционерное Общество «Медицинский университет Астана»,Астана,https://amu.edu.kz,info@amu.edu.kz,8 7172 53 94 24,"010000, г.Астана, улица Бейбітшілік, дом № 49а",0,1 500 000 - 2 800 000 тг/год,true,true,,,"Медицинский университет Астана. Общая медицина, стоматология, фармация, сестринское дело.",,,50,15-25 Июля,ЕНТ
116,Негосударственное учреждение образования «Казахстанско-Российский медицинский университет»,Алматы,https://krmu.edu.kz,info@krmu.edu.kz,8 7272 50 83 75,"050004, г.Алматы, улица ТОРЕКУЛОВА, 71",655,1 500 000 - 2 500 000 тг/год,false,true,,,Казахстанско-Российский медицинский университет в Алматы. Совместные программы с российскими вузами.,,,50,15-25 Июля,ЕНТ
117,Товарищество с ограниченной ответственностью «Казахстанский медицинский университет «ВШОЗ»,Алматы,https://vshoz.edu.kz,info@vshoz.edu.kz,8 7273 37 80 32,"050060, г.Алматы, УЛИЦА УТЕПОВА, дом № 19А",84,1 800 000 - 2 500 000 тг/год,false,true,,,"Казахстанский медицинский университет «ВШОЗ». Общественное здравоохранение, медицина, менеджмент здравоохранения.",,,50,15-25 Июля,ЕНТ
118,РГКП «Академия государственного управления при Президенте Республики Казахстан»,Астана,https://apa.kz,info@apa.kz,8 7172 75 30 23,"010000, г.Астана, АБАЯ, дом № 33а",0,Бюджет / 1 500 000 - 2 500 000 тг/год,true,true,,,"Академия государственного управления при Президенте РК. Госуправление, право, экономика, дипломатия.",,,50,15-25 Июля,ЕНТ
119,Товарищество с ограниченной ответственностью «Иностранное учебное заведение «Coventry Kazakhstan»,Астана,https://coventry.kz,info@coventry.kz,8 700 317 33 33 ,"г.Астана, Коргалжынское шоссе, здание 13А",54,3 000 000 - 5 000 000 тг/год,false,true,,,"Coventry Kazakhstan — филиал британского Coventry University в Астане. Бизнес, IT. Обучение на английском.",,,50,15-25 Июля,ЕНТ
12,Некоммерческое акционерное общество «Актюбинский региональный университет имени К. Жубанова»,Актюбинская область,https://arsu.edu.kz,info@arsu.edu.kz,8 7132 56 83 80,"030000, Актюбинская область, г.Актобе, Проспект Алии Молдагуловой, дом № 34",23804,450 000 - 1 000 000 тг/год,true,true,,,"Крупнейший университет Актюбинской области. Более 70 образовательных программ: педагогика, медицина, инженерия, IT, экономика.",,,50,15-25 Июля,ЕНТ
120,Филиал федерального государственного автономного образовательного учреждения высшего образования «Российский государственный университет нефти и газа (национальный исследовательский университет) имени И.М. Губкина» в городе Атырау,Атырауская область,https://gubkin.kz,info@gubkin.kz,8 7122 76 60 33,"060027, Атырауская область, г.Атырау, улица Мұса Баймуханова, дом 45а",84,1 000 000 - 1 500 000 тг/год,true,true,,,"Филиал РГУ нефти и газа им. Губкина в Атырау. Нефтегазовое дело, геология, экология.",,,50,15-25 Июля,ЕНТ
121,Некоммерческое акционерное общество «Казахский национальный университет водного хозяйства и ирригации»,Жамбылская область,https://kazniivh.kz,info@kazniivh.kz,8 7262 50 50 10,"080000, Жамбылская область, г.Тараз, улица Каныша Сатбаева, 28",31,400 000 - 800 000 тг/год,true,true,,,"Казахский национальный университет водного хозяйства в Таразе. Водные ресурсы, ирригация, экология.",,,50,15-25 Июля,ЕНТ
122,Филиал федерального государственного бюджетного образовательного учреждения высшего образования «Российский химико-технологический университет имени Д.И. Менделеева» в городе Тараз,Жамбылская область,https://rctu.kz,info@rctu.kz,8 701 111 25 81,"080000, Жамбылская область, г.Тараз, Проспект Толе би, строение № 62",71,800 000 - 1 200 000 тг/год,false,true,,,"Филиал РХТУ им. Менделеева в Таразе. Химическая технология, фармация, биотехнология.",,,50,15-25 Июля,ЕНТ
123,Филиал федерального государственного автономного образовательного учреждения высшего образования «Национальный исследовательский ядерный университет «МИФИ» в городе Алматы,Алматы,https://mephi.kz,info@mephi.kz,8 7273 77 31 06,"050040, г.Алматы, Проспект Аль-Фараби, дом № 71",69,1 000 000 - 1 500 000 тг/год,false,true,,,"Филиал МИФИ в Алматы. Ядерная физика, IT, математика, инженерия.",,,50,15-25 Июля,ЕНТ
124,Республиканское государственное учреждение «Академия управления Министерства внутренних дел Республики Казахстан»,Астана,https://amvd.edu.kz,,8 7172 57 01 80,"010000, г.Астана, Мангилик Ел, дом 55/4",40,Бюджет (бесплатно),true,true,,,Академия управления МВД в Астане. Подготовка руководящих кадров для органов внутренних дел.,,,50,15-25 Июля,ЕНТ
125,Казахстанский филиал Федерального государственного автономного образовательного учреждения высшего образования «Московский государственный институт международных отношений (университет) Министерства иностранных дел Российской Федерации»,Астана,https://mgimo.kz,info@mgimo.kz,8 7172 70 94 54,"010000, г.Астана, улица Қаныш Сәтбаев, дом № 2",80,2 500 000 - 4 000 000 тг/год,false,true,,,"Филиал МГИМО в Астане. Международные отношения, дипломатия, мировая экономика, право.",,,50,15-25 Июля,ЕНТ
126,Филиал «Международный Университет Анхальт в Казахстане» Университета прикладных наук Анхальт,Алматы,https://anhalt.kz,info@anhalt.kz,8 701 723 16 35,"050013, г.Алматы, улица Байтурсынулы, дом № 126/1",0,2 000 000 - 3 500 000 тг/год,false,true,,,"Филиал университета Анхальт в Алматы. Архитектура, дизайн, IT, бизнес. Обучение на немецком/английском.",,,50,15-25 Июля,ЕНТ
127,Товарищество с ограниченной ответственностью «Woosong University Kaxakhstan»,Туркестанская область,https://woosong.kz,info@woosong.kz,8 776 046 68 53,"161200, Туркестанская область, г.Туркестан, проспект Б. Саттарханова, 60",0,1 500 000 - 2 500 000 тг/год,true,true,,,"Woosong University Kazakhstan в Туркестане. Филиал южнокорейского университета. IT, бизнес, кулинарное искусство.",,,50,15-25 Июля,ЕНТ
13,Некоммерческое акционерное общество «Кокшетауский университет имени Ш.Уалиханова»,Акмолинская область,https://shokan.edu.kz,info@shokan.edu.kz,8 7162 25 55 83,"020000, Акмолинская область, г.Кокшетау, улица Абая, дом № 76",1369,400 000 - 800 000 тг/год,true,true,,,"Региональный университет в Кокшетау. Специальности: педагогика, аграрные науки, инженерия, гуманитарные науки, экономика.",,,50,15-25 Июля,ЕНТ
14,Некоммерческое акционерное общество «Атырауский университет имени Халела Досмухамедова»,Атырауская область,https://asu.edu.kz,kense@asu.edu.kz,8 7122 27 63 23,"060011, Атырауская область, г.Атырау, Проспект Студенттер, дом № 1",5020,450 000 - 900 000 тг/год,true,true,,,"Ведущий вуз Атырауской области. Направления: нефтегазовое дело, педагогика, гуманитарные науки, экономика, естественные науки.",,,50,15-25 Июля,ЕНТ
15,Некоммерческое акционерное общество «Атырауский университет нефти и газа имени Сафи Утебаева»,Атырауская область,https://aogu.edu.kz,info@aogu.edu.kz,8 7122 76 60 33,"060027, Атырауская область, г.Атырау, улица Мұса Баймұханов, дом № 45А",6563,500 000 - 1 200 000 тг/год,true,true,,,"Университет нефти и газа в Атырау. Специализация: нефтегазовая инженерия, химическая технология, экология, IT.",,,50,15-25 Июля,ЕНТ
16,Некоммерческое акционерное общество «Восточно-Казахстанский университет имени Сарсена Аманжолова»,Восточно-Казахстанская область,https://vku.edu.kz,info@vku.edu.kz,8 7232 24 14 71,"070020, Восточно-Казахстанская область, г.Усть-Каменогорск, улица 30-й Гвардейской Дивизии, дом № 34",1917,450 000 - 900 000 тг/год,true,true,,,"Университет в Усть-Каменогорске. Педагогика, филология, история, естественные науки, искусство, экономика.",,,50,15-25 Июля,ЕНТ
17,Некоммерческое акционерное общество «Восточно-Казахстанский технический университет имени Д. Серикбаева»,Восточно-Казахстанская область,https://ektu.kz,info@ektu.kz,8 7232 54 03 77,"070010, Восточно-Казахстанская область, г.УстьКаменогорск, улица Серикбаева, дом № 19",1918,500 000 - 1 100 000 тг/год,true,true,,,"Технический вуз ВКО. Специализация: горное дело, металлургия, машиностроение, IT, строительство, энергетика.",,,50,15-25 Июля,ЕНТ
18,Некоммерческое акционерное общество «Шәкәрім университет»,область Абай,https://shakarim.edu.kz,info@shakarim.edu.kz,8 7222 31 31 75,"071410, область Абай, г.Семей, улица Глинки, дом № 20",4543,450 000 - 900 000 тг/год,true,true,,,"Университет в Семее. Направления: ветеринария, пищевая промышленность, педагогика, инженерия, IT, экономика.",,,50,15-25 Июля,ЕНТ
19,Некоммерческое акционерное общество «Таразский университет имени М.Х. Дулати»,Жамбылская область,https://dulaty.edu.kz,talapker@dulaty.kz,8 707 043 00 58,"080000, Жамбылская область, г.Тараз, улица Ыбырайыма Сулейменова, дом № 13",3402,450 000 - 1 000 000 тг/год,true,true,,,"Крупнейший вуз Жамбылской области. Инженерия, IT, педагогика, сельское хозяйство, экономика. Более 80 специальностей.",,,50,15-25 Июля,ЕНТ
2,Республиканское государственное учреждение «Казахский национальный университет искусств» Министерства культуры и информации Республики Казахстан,Астана,https://kaznui.kz,info@kaznui.kz,8 7272 70 54 50,"010000, г.Астана, проспект ПОБЕДЫ, дом № 6",11248,600 000 - 1 200 000 тг/год,true,true,,,"Национальный университет искусств, расположен в Астане. Подготовка кадров в области музыки, хореографии, театра, кино и изобразительного искусства.",,,50,15-25 Июля,ЕНТ
20,Некоммерческое акционерное общество «Западно-Казахстанский университет имени Махамбета Утемисова»,Западно-Казахстанская область,https://wkmu.edu.kz,info@wkmu.edu.kz,8 7112 51 26 32,"090000, Западно-Казахстанская область, г.Уральск, Проспект Нұрсұлтан Назарбаев, дом № 162",7563,450 000 - 1 000 000 тг/год,true,true,,,"Университет в Уральске. Педагогика, филология, история, право, экономика, естественные науки, инженерия.",,,50,15-25 Июля,ЕНТ
21,Некоммерческое акционерное общество «Западно-Казахстанский аграрно-технический университет имени Жангир хана»,Западно-Казахстанская область,https://wkau.edu.kz,info@wkau.edu.kz,8 7112 50 13 74,"090000, Западно-Казахстанская область, г.Уральск, УЛИЦА ЖАНГИР ХАНА, дом № 51",8047,450 000 - 900 000 тг/год,true,true,,,"Аграрно-технический университет в ЗКО. Сельское хозяйство, ветеринария, пищевые технологии, инженерия, экономика.",,,50,15-25 Июля,ЕНТ
22,Некоммерческое акционерное общество «Карагандинский национальный исследовательский университет имени академика Е. А. Букетова»,Карагандинская область,https://buketov.edu.kz,info@buketov.edu.kz,8 7212 35 63 98,"100024, Карагандинская область, г. Караганда, улица Университетская, дом № 28",6267,500 000 - 1 100 000 тг/год,true,true,,,Крупнейший классический университет Центрального Казахстана. Более 100 специальностей. Исследовательский университет.,,,50,15-25 Июля,ЕНТ
23,Некоммерческое акционерное общество «Карагандинский технический университет имени Абылкаса Сагинова»,Карагандинская область,https://kstu.kz,info@kstu.kz,8 7212 56 44 22,"100027, Карагандинская область, г.Караганда, район им.Казыбек би, Проспект Нурсултана Назарбаева, строение № 56",5801,500 000 - 1 100 000 тг/год,true,true,,,"Технический университет в Караганде. Горное дело, металлургия, машиностроение, IT, строительство, транспорт.",,,50,15-25 Июля,ЕНТ
24,Некоммерческое акционерное общество «Карагандинский индустриальный университет»,Карагандинская область,https://kiu.edu.kz,info@kiu.edu.kz,8 7213 91 56 26,"101400, Карагандинская область, г.Темиртау, Проспект Республики, дом № 30",8600,450 000 - 900 000 тг/год,true,true,,,"Индустриальный университет в Темиртау. Металлургия, горное дело, энергетика, машиностроение, IT.",,,50,15-25 Июля,ЕНТ
25,Некоммерческое акционерное общество «Костанайский региональный университет имени Ахмет Байтұрсынұлы»,Костанайская область,https://ksu.edu.kz,info@ksu.edu.kz,8 7142 51 11 57,"110000, Костанайская область, г.Костанай, улица А. Байтурсынова, дом № 47",15160,450 000 - 900 000 тг/год,true,true,,,"Крупнейший университет Костанайской области. Педагогика, аграрные науки, инженерия, экономика, право, IT.",,,50,15-25 Июля,ЕНТ
26,Некоммерческое акционерное общество «Рудненский индустриальный университет»,Костанайская область,https://rii.edu.kz,info@rii.edu.kz,8 7143 15 07 03,"111500, Костанайская область, г.Рудный, улица 50 лет Октября, дом № 38",23553,450 000 - 900 000 тг/год,true,true,,,"Индустриальный университет в Рудном. Горное дело, металлургия, строительство, энергетика, IT, экономика.",,,50,15-25 Июля,ЕНТ
27,Некоммерческое акционерное общество «Аркалыкский педагогический университет имени И. Алтынсарина»,Костанайская область,https://arkapu.edu.kz,info@arkapu.edu.kz,8 7143 07 24 88,"110300, Костанайская область, г.Аркалык, улица Ауельбекова, дом № 17",12889,400 000 - 700 000 тг/год,true,true,,,Педагогический университет в Аркалыке. Подготовка учителей по широкому спектру предметов.,,,50,15-25 Июля,ЕНТ
28,Некоммерческое акционерное общество «Кызылординский университет имени Коркыт Ата»,Кызылординская область,https://korkyt.edu.kz,info@korkyt.edu.kz,8 7242 26 27 14,"120014, Кызылординская область, г.Кызылорда, улица Айтеке Би, дом № 29А, ",8024,450 000 - 900 000 тг/год,true,true,,,"Университет в Кызылорде. Инженерия, педагогика, сельское хозяйство, экономика, право, гуманитарные науки.",,,50,15-25 Июля,ЕНТ
29,Некоммерческое акционерное общество «Каспийский университет технологий и инжиниринга имени Ш. Есенова»,Мангистауская область,https://yu.edu.kz,info@yu.edu.kz,8 7292 78 87 88,"130000, Мангистауская область, г.Актау, Микрорайон 32, дом № 1",13279,500 000 - 1 200 000 тг/год,true,true,,,"Ведущий вуз Мангистауской области. Нефтегазовая инженерия, IT, педагогика, экономика, морское дело.",,,50,15-25 Июля,ЕНТ
3,Некоммерческое акционерное общество «Казахский национальный университет имени аль-Фараби»,Алматы,https://kaznu.kz,info@kaznu.edu,8 7273 77 33 30,"050040, г.Алматы, Проспект Аль-Фараби, дом № 71",7337,500 000 - 1 900 000 тг/год,true,true,,,"Старейший и крупнейший вуз Казахстана, основан в 1934 году. Входит в топ-200 QS World University Rankings. Более 150 специальностей.",,,50,15-25 Июля,ЕНТ
30,Некоммерческое акционерное общество «Торайгыров Университет»,Павлодарская область,https://tou.edu.kz,info@tou.edu.kz,8 7182 67 36 85,"140008, Павлодарская область, г.Павлодар, улица Ломова, дом № 64",8181,450 000 - 1 000 000 тг/год,true,true,,,"Университет в Павлодаре. Инженерия, IT, педагогика, экономика, гуманитарные науки. Более 70 специальностей.",,,50,15-25 Июля,ЕНТ
31,Некоммерческое акционерное общество «Павлодарский педагогический университет имени Әлкей Марғұлан»,Павлодарская область,https://pspu.edu.kz,info@pspu.edu.kz,8 7182 65 16 02,"140002, Павлодарская область, г.Павлодар, улица Олжабай батыр, строение № 60",2312,400 000 - 800 000 тг/год,true,true,,,"Педагогический университет в Павлодаре. Подготовка учителей: математика, физика, химия, биология, языки, история.",,,50,15-25 Июля,ЕНТ
32,Некоммерческое акционерное общество «Северо-Казахстанский университет имени Манаша Козыбаева»,Северо-Казахстанская область,https://ku.edu.kz,info@ku.edu.kz,8 7152 35 00 09,"150000, Северо-Казахстанская область, г.Петропавловск, улица Пушкина, дом № 86",10184,450 000 - 900 000 тг/год,true,true,,,"Университет в Петропавловске. Педагогика, инженерия, IT, экономика, аграрные науки, медицина.",,,50,15-25 Июля,ЕНТ
33,Некоммерческое акционерное общество «Южно-Казахстанский университет имени М. Ауэзова»,Шымкент,https://auezov.edu.kz,info@auezov.edu.kz,8 7252 21 01 41,"160000, г.Шымкент, Проспект Тауке Хан, дом № 5",7742,450 000 - 1 000 000 тг/год,true,true,,,"Крупнейший университет юга Казахстана. Инженерия, IT, педагогика, экономика, химическая технология. Более 100 специальностей.",,,50,15-25 Июля,ЕНТ
34,Некоммерческое акционерное общество «Южно-Казахстанский педагогический университет имени Өзбекәлі Жәнібеков»,Шымкент,https://okmpu.edu.kz,info@okmpu.edu.kz,8 7252 30 14 59,"160000, г.Шымкент, улица Ахмет Байтурсынов, дом № 13",7494,400 000 - 800 000 тг/год,true,true,,,Педагогический университет в Шымкенте. Подготовка учителей для южного региона Казахстана.,,,50,15-25 Июля,ЕНТ
35,Государственное учреждение «Академия гражданской защиты имени Малика Габдуллина» Министерства по чрезвычайным ситуациям Республики Казахстан,Акмолинская область,https://agzrk.kz,info@agzrk.kz,8 7162 25 13 36,"020000, Акмолинская область, г. Кокшетау, улица Акана Серэ, дом № 136",9275,Бюджет (бесплатно),true,true,,,"Академия гражданской защиты в Кокшетау. Пожарная безопасность, гражданская защита, спасательное дело.",,,50,15-25 Июля,ЕНТ
36,Республиканское государственное учреждение «Костанайская академия Министерства внутренних дел Республики Казахстан имени Шракбека Кабылбаева»,Костанайская область,https://kostacademy.kz,info@kostacademy.kz,8 7142 39 02 89,"110005, Костанайская область, г.Костанай, улица АБАЯ, дом № 11",8947,Бюджет (бесплатно),true,true,,,Костанайская академия МВД. Подготовка офицеров полиции и специалистов правоохранительных органов.,,,50,15-25 Июля,ЕНТ
37,Республиканское государственное учреждение «Национальный университет обороны Республики Казахстан» Министерства обороны Республики Казахстан,Астана,https://ndu.mod.gov.kz,,8 7172 60 08 60,"010000, г.Астана, ПРОСПЕКТ ТҰРАН, дом № 72",975,Бюджет (бесплатно),true,true,,,Национальный университет обороны. Подготовка офицерских кадров для Вооруженных сил РК.,,,50,15-25 Июля,ЕНТ
38,Государственное учреждение «Академия Комитета национальной безопасности Республики Казахстан»,Алматы,https://knb.gov.kz,,8 7272 67 96 10,"050060, г.Алматы, Микрорайон Нур Алатау, улица Еркегали Рахмадиева, дом № 8",5678,Бюджет (бесплатно),true,true,,,Академия КНБ. Подготовка кадров для органов национальной безопасности Казахстана.,,,50,15-25 Июля,ЕНТ
39,Республиканское государственное учреждение «Военно-инженерный институт радиоэлектроники и связи» Министерства обороны Республики Казахстан,Алматы,https://viiris.mod.gov.kz,,8 7273 03 32 97,"050060, г.Алматы, УЛИЦА ЖАНДОСОВА, дом № 53",6347,Бюджет (бесплатно),true,true,,,"Военно-инженерный институт радиоэлектроники и связи в Алматы. IT, радиоэлектроника, связь для вооруженных сил.",,,50,15-25 Июля,ЕНТ
4,Некоммерческое акционерное общество «Казахский национальный аграрный исследовательский университет»,Алматы,https://kaznaru.edu.kz,info@kaznaru.edu.kz,8 7272 62 11 08,"050010, г.Алматы, Проспект Абая, дом № 8",6828,500 000 - 1 200 000 тг/год,true,true,,,"Крупнейший аграрный вуз Центральной Азии. Специальности: сельское хозяйство, ветеринария, пищевая промышленность, экология, лесное хозяйство.",,,50,15-25 Июля,ЕНТ
40,Республиканское государственное учреждение «Актюбинский юридический институт Министерства внутренних дел Республики Казахстан имени Малкеджара Букенбаева»,Актюбинская область,https://aui.edu.kz,,8 7132 73 02 09,"030011, Актюбинская область, г.Актобе, разъезд 41, Курсантское шоссе, 1",7498,Бюджет (бесплатно),true,true,,,Актюбинский юридический институт МВД. Подготовка юристов для правоохранительных органов.,,,50,15-25 Июля,ЕНТ
41,Республиканское государственное учреждение «Карагандинская академия Министерства внутренних дел Республики Казахстан имени Баримбека Бейсенова»,Карагандинская область,https://krgacademy.kz,,8 7212 30 34 05,"100009, Карагандинская область, г.Караганда, улица Ермекова, 124",13157,Бюджет (бесплатно),true,true,,,"Карагандинская академия МВД. Подготовка следователей, криминалистов и оперативных работников.",,,50,15-25 Июля,ЕНТ
42,Республиканское государственное учреждение «Военный институт Сухопутных войск имени Сагадата Нурмагамбетова» Министерства обороны Республики Казахстан,Алматы,https://vis.mod.gov.kz,,8 7272 90 13 20,"050060, г.Алматы, Красногорская, 35",5719,Бюджет (бесплатно),true,true,,,Военный институт Сухопутных войск в Алматы. Подготовка командных и инженерных кадров для сухопутных войск.,,,50,15-25 Июля,ЕНТ
43,Республиканское государственное учреждение «Военный институт Сил воздушной обороны имени дважды Героя Советского Союза Т.Я.Бегельдинова» Министерства обороны Республики Казахстан,Актюбинская область,https://visvo.mod.gov.kz,,8 7132 97 22 02,"030011, Актюбинская область, г.Актобе, улица     Алии Молдагуловой, 16",27085,Бюджет (бесплатно),true,true,,,Военный институт Сил воздушной обороны в Актобе. Подготовка летных и инженерных кадров для ВВС.,,,50,15-25 Июля,ЕНТ
44,Республиканское государственное учреждение «Алматинская академия Министерства внутренних дел Республики Казахстан имени Макана Есбулатова»,Алматы,https://aamvd.edu.kz,,8 7273 37 81 06,"050060, г.Алматы, УЛИЦА УТЕПОВА, дом № 2",2078,Бюджет (бесплатно),true,true,,,Алматинская академия МВД. Подготовка кадров для правоохранительных органов юга Казахстана.,,,50,15-25 Июля,ЕНТ
45,Республиканское государственное учреждение «Пограничная академия Комитета национальной безопасности Республики Казахстан»,Алматы,https://paknb.kz,,8 7272 64 65 29,"050020, г.Алматы, Проспект Достык, дом № 103",3174,Бюджет (бесплатно),true,true,,,Пограничная академия КНБ в Алматы. Подготовка специалистов по охране государственной границы.,,,50,15-25 Июля,ЕНТ
46,Государственное учреждение «Академия правоохранительных органов при Генеральной прокуратуре Республики Казахстан»,Акмолинская область,https://apo.gov.kz,info@apo.gov.kz,8 7165 16 81 69,"010078, Акмолинская область, г.Косшы, улица РЕСПУБЛИКА,  строение 16",8139,Бюджет (бесплатно),true,true,,,"Академия правоохранительных органов при Генеральной прокуратуре. Правоохранительное дело, криминалистика.",,,50,15-25 Июля,ЕНТ
47,Республиканское государственное учреждение «Академия Национальной гвардии Республики Казахстан»,Северо-Казахстанская область,https://ang.edu.kz,,8 7152 37 17 26,"150009, Северо-Казахстанская область, г.Петропавловск, улица имени Жалела Кизатова, дом № 6",5881,Бюджет (бесплатно),true,true,,,Академия Национальной гвардии в Петропавловске. Подготовка кадров для Национальной гвардии.,,,50,15-25 Июля,ЕНТ
48,Республиканское государственное учреждение «Академия правосудия при Высшем Судебном Совете Республики Казахстан»,Астана,https://ajvs.kz,info@ajvs.kz,8 7172 71 08 71,"010000, г. Астана, улица Бейбитшилик, дом 46",4374,Бюджет (бесплатно),true,true,,,Академия правосудия при Высшем Судебном Совете. Подготовка судей и судебных работников.,,,50,15-25 Июля,ЕНТ
49,Учреждение «Международный казахско-турецкий университет имени Ходжи Ахмеда Ясави»,Туркестанская область,https://ayu.edu.kz,info@ayu.edu.kz,8 7253 39 71 28,"161200, Туркестанская область, г.ТУРКЕСТАН, проспект Б. Саттарханова, 29В",2063,400 000 - 900 000 тг/год,true,true,,,"Международный казахско-турецкий университет в Туркестане. Педагогика, инженерия, гуманитарные науки, теология.",,,50,15-25 Июля,ЕНТ
5,Некоммерческое акционерное общество «Казахский национальный исследовательский технический университет имени К.И. Сатпаева»,Алматы,https://satbayev.university,info@satbayev.university,8 7272 92 60 25,"050013, г.Алматы, САТПАЕВА, дом № 22",14126,800 000 - 1 800 000 тг/год,true,true,,,"Ведущий технический университет Казахстана, основан в 1934 году. Специализация: инженерия, IT, нефтегазовое дело, горное дело, архитектура.",,,50,15-25 Июля,ЕНТ
50,Товарищество с ограниченной ответственностью «De Montfort University Kazakhstan (Де Монтфорт Юниверсити Казахстан)»,Алматы,https://dmu.edu.kz,info@dmu.edu.kz,8 700 836 85 39,"050044, г.Алматы, Проспект АЛЬ -ФАРАБИ, дом № 120/48, 4",4091,2 000 000 - 3 000 000 тг/год,false,true,,,"De Montfort University Kazakhstan — филиал британского университета. Бизнес, IT, медиа. Обучение на английском языке.",,,50,15-25 Июля,ЕНТ
51,Акционерное общество «Университет КАЗГЮУ имени М.С. Нарикбаева»,Астана,https://mnu.kz,info@mnu.kz,8 7172 70 30 30,"010000, г.Астана, Шоссе КОРГАЛЖЫН, дом № 8",6825,2 000 000 - 3 500 000 тг/год,true,true,,,"Университет КАЗГЮУ — ведущая юридическая школа Казахстана. Право, бизнес, госуправление, международные отношения.",,,50,15-25 Июля,ЕНТ
52,Некоммерческое акционерное общество «Алматинский университет энергетики и связи имени Гумарбека Даукеева»,Алматы,https://aues.edu.kz,info@aues.edu.kz,8 7273 23 11 75,"050013, г.Алматы, улица Байтурсынулы, дом № 126/1",728,600 000 - 1 200 000 тг/год,true,true,,,"Алматинский университет энергетики и связи. Энергетика, телекоммуникации, IT, автоматизация, радиотехника.",,,50,15-25 Июля,ЕНТ
53,Некоммерческое акционерное общество «Казахская академия спорта и туризма»,Алматы,https://kazast.edu.kz,info@kazast.edu.kz,8 7172 92 39 97,"050022, г.Алматы, Проспект Абая, дом № 85",5536,500 000 - 1 000 000 тг/год,true,true,,,"Казахская академия спорта и туризма. Физкультура, спорт, туризм, рекреация, спортивная медицина.",,,50,15-25 Июля,ЕНТ
54,Акционерное общество «Казахский университет международных отношений и мировых языков имени Абылай хана»,Алматы,https://ablaikhan.kz,info@ablaikhan.kz,8 7272 92 08 00,"050000, г.Алматы, улица Муратбаева, 200",2551,600 000 - 1 300 000 тг/год,true,true,,,"Университет международных отношений и мировых языков. Лингвистика, перевод, международные отношения, журналистика, педагогика.",,,50,15-25 Июля,ЕНТ
55,Акционерное общество «Жезказганский университет имени О.А.Байконурова»,область Ұлытау,https://zhgu.edu.kz,info@zhgu.edu.kz,8 7102 73 60 15,"100600, область Ұлытау, г.Жезказган, улица Алашахана, 1Б",5054,450 000 - 900 000 тг/год,true,true,,,"Жезказганский университет. Горное дело, металлургия, IT, педагогика, экономика. Специализация на горнодобывающей промышленности.",,,50,15-25 Июля,ЕНТ
56,Акционерное общество «Академия гражданской авиации»,Алматы,https://agakaz.kz,info@agakaz.kz,8 7273 83 90 45,"050000, г.Алматы, улица Закарпатская, 44",257,800 000 - 2 000 000 тг/год,true,true,,,"Академия гражданской авиации. Подготовка специалистов для авиационной отрасли: пилоты, авиадиспетчеры, инженеры.",,,50,15-25 Июля,ЕНТ
57,Товарищество с ограниченной ответственностью «Международная образовательная корпорация»,Алматы,https://mok.edu.kz,info@mok.edu.kz,8 7273 23 12 23,"050043, г.Алматы, улица Рыскулбекова, дом № 28",3228,800 000 - 1 500 000 тг/год,true,true,,,"Международная образовательная корпорация. Строительство, архитектура, дизайн, IT, экономика.",,,50,15-25 Июля,ЕНТ
58,Акционерное общество «Международный университет информационных технологий»,Алматы,https://iitu.edu.kz,info@iitu.edu.kz,8 7273 20 00 00,"050040, г.Алматы, улица Манаса, дом № 34/1, 1",2156,1 800 000 - 2 500 000 тг/год,false,true,,,"Международный университет информационных технологий. Computer Science, кибербезопасность, медиа-технологии, Big Data.",,,50,15-25 Июля,ЕНТ
59,Некоммерческое акционерное общество «Университет КИМЭП»,Алматы,https://kimep.kz,uao@kimep.kz,8 7272 70 43 14,"050010, г.Алматы, Проспект Абая , дом № 4",4913,2 800 000 - 4 200 000 тг/год,true,true,,,"Ведущий бизнес-университет Казахстана. Программы на английском языке: бизнес, право, международные отношения, журналистика.",,,50,15-25 Июля,ЕНТ
6,Республиканское государственное учреждение «Казахская национальная академия искусств имени Темирбека Жургенова» Министерства культуры и информации Республики Казахстан,Алматы,https://kaznai.kz,info@kaznai.kz,8 7273 38 35 55,"050000, г.Алматы, улица Панфилова, дом № 127",1187,500 000 - 1 100 000 тг/год,true,true,,,"Ведущий вуз в сфере искусств. Факультеты: театральное, хореографическое, изобразительное искусство, кино и ТВ.",,,50,15-25 Июля,ЕНТ
60,Акционерное общество «Казахстанско-Британский технический университет»,Алматы,https://kbtu.edu.kz,info@kbtu.edu.kz,8 7273 57 42 42,"050000, г.Алматы, Толе би, 59",1117,2 200 000 - 3 500 000 тг/год,true,true,,,"Казахстанско-Британский технический университет. IT, нефтегазовое дело, бизнес, инженерия. Международные программы.",,,50,15-25 Июля,ЕНТ
61,Некоммерческое Акционерное общество «Университет Нархоз»,Алматы,https://narxoz.kz,admission@narxoz.kz,8 7273 77 11 02,"050035, г.Алматы, улица Жандосова, дом № 55",4846,1 500 000 - 2 500 000 тг/год,true,true,,,"Университет Нархоз — ведущая бизнес-школа. Экономика, финансы, маркетинг, IT, право, госуправление.",,,50,15-25 Июля,ЕНТ
62,Некоммерческое акционерное общество «Казахский агротехнический исследовательский университет имени Сакена Сейфуллина»,Астана,https://kazatu.edu.kz,info@kazatu.edu.kz,8 7172 31 75 47,"010000, г.Астана, Проспект Жеңіс, дом № 62",13759,500 000 - 1 200 000 тг/год,true,true,,,"Казахский агротехнический университет в Астане. Сельское хозяйство, ветеринария, IT, инженерия, экология, экономика.",,,50,15-25 Июля,ЕНТ
63,Акционерное общество «Алматинский технологический университет»,Алматы,https://atu.edu.kz,info@atu.edu.kz,8 7272 21 88 08,"050000, г.Алматы, Толе би, 100",2115,600 000 - 1 200 000 тг/год,true,true,,,"Алматинский технологический университет. Пищевая промышленность, легкая промышленность, IT, биотехнология, дизайн.",,,50,15-25 Июля,ЕНТ
64,Акционерное общество «Казахский университет технологии и бизнеса имени К.Кулажанова»,Астана,https://kaztbu.kz,info@kaztbu.kz,8 7172 69 70 50,"010000, г.Астана, УЛИЦА КАЙЫМ МУХАМЕДХАНОВ, дом № 37А",8275,700 000 - 1 300 000 тг/год,true,true,,,"Казахский университет технологии и бизнеса в Астане. Пищевые технологии, IT, экономика, туризм, дизайн.",,,50,15-25 Июля,ЕНТ
65,Учреждение «Esil University»,Астана,https://esil.edu.kz,info@esil.edu.kz,8 708 227 01 01,"010000, г.Астана, улица Ахмета Жубанова, здание № 7",8551,900 000 - 1 500 000 тг/год,true,true,,,"Esil University в Астане. Многопрофильный вуз: IT, экономика, педагогика, юриспруденция, инженерия.",,,50,15-25 Июля,ЕНТ
66,Учреждение «Университет Туран-Астана»,Астана,https://turan-astana.kz,info@turan-astana.kz,8 700 139 51 10,"010000, г.Астана, улица ПУШКИНА, дом № 166/5",2596,900 000 - 1 800 000 тг/год,false,true,,,"Филиал университета «Туран» в Астане. Экономика, IT, юриспруденция, педагогика.",,,50,15-25 Июля,ЕНТ
67,Учреждение высшего образования «Евразийский гуманитарный институт им.А.К.Кусаинова»,Астана,https://eagi.edu.kz,info@eagi.edu.kz,8 7172 56 19 33,"010000, г.Астана, Жумабаева, 3",818,700 000 - 1 200 000 тг/год,false,true,,,"Евразийский гуманитарный институт в Астане. Педагогика, филология, психология, IT, экономика.",,,50,15-25 Июля,ЕНТ
68,Учреждение «Университет «Туран»,Алматы,https://turan.edu.kz,info@turan-edu.kz,8 7272 60 70 00,"050013, г.Алматы, улица САТПАЕВА, дом № 16а",1365,1 000 000 - 2 000 000 тг/год,false,true,,,"Университет «Туран» — многопрофильный частный вуз в Алматы. Экономика, IT, юриспруденция, туризм, дизайн.",,,50,15-25 Июля,ЕНТ
69,Товарищество с ограниченной ответственностью «Университет Кунаева»,Алматы,https://kunaev.university,info@kunaev.university,8 7273 57 21 05,"050000, г.Алматы, улица Курмангазы, дом № 107",630,800 000 - 1 500 000 тг/год,false,true,,,"Университет Кунаева в Алматы. Юриспруденция, экономика, IT, лингвистика.",,,50,15-25 Июля,ЕНТ
7,Республиканское государственное учреждение «Казахская национальная консерватория имени Курмангазы» Министерства культуры и информации Республики Казахстан,Алматы,https://conservatoire.edu.kz,info@conservatoire.edu.kz,8 7272 61 76 40,"050000, г.Алматы, Проспект АБЫЛАЙ ХАНА, дом № 86",16121,500 000 - 1 000 000 тг/год,true,true,,,"Ведущее музыкальное высшее учебное заведение Казахстана, основано в 1944 году. Подготовка профессиональных музыкантов и композиторов.",,,50,15-25 Июля,ЕНТ
70,Товарищество с ограниченной ответственностью «META University»,Алматы,https://meta.university,info@meta.university,8 7272 92 57 78,"050012, г.Алматы, УЛИЦА Досмухамедова, дом № 45",0,1 500 000 - 2 000 000 тг/год,false,true,,,"META University — новый IT-ориентированный университет в Алматы. Программирование, Data Science, Digital Marketing.",,,50,15-25 Июля,ЕНТ
71,Учреждение образования «Алматы менеджмент университет»,Алматы,https://almau.edu.kz,info@almau.edu.kz,8 7173 13 30 40,"050060, г.Алматы, УЛИЦА РОЗЫБАКИЕВА, дом № 227",0,1 800 000 - 3 000 000 тг/год,false,true,,,"Алматы Менеджмент Университет (AlmaU). Бизнес, менеджмент, IT, право. AACSB аккредитация.",,,50,15-25 Июля,ЕНТ
72,Учреждение «Международный транспортно-гуманитарный университет»,Алматы,https://itgu.edu.kz,info@itgu.edu.kz,8 705 100 09 66,"050063, г.Алматы, Микрорайон ЖЕТЫСУ-1, дом № 32А",0,600 000 - 1 000 000 тг/год,false,true,,,"Международный транспортно-гуманитарный университет в Алматы. Транспорт, логистика, IT, экономика.",,,50,15-25 Июля,ЕНТ
73,Товарищество с ограниченной ответственностью «Университет Mеждународного Бизнеса имени Кенжегали Сагадиева»,Алматы,https://uib.kz,info@uib.kz,8 7272 59 80 20,"050010, г.Алматы, Проспект Абая , дом № 8А",0,1 500 000 - 2 500 000 тг/год,false,true,,,"Университет Международного Бизнеса (UIB). Бизнес, экономика, финансы, маркетинг, IT, право.",,,50,15-25 Июля,ЕНТ
74,Учреждение «SDU University»,Алматинская область,https://sdu.edu.kz,info@sdu.edu.kz,8 7273 07 95 65,"040900, Алматинская область, г.Каскелен, улица Абылай Хана, строение № 1/1",0,1 800 000 - 3 200 000 тг/год,true,true,,,"SDU University — один из ведущих частных вузов. IT, инженерия, бизнес, право, гуманитарные науки. Обучение на английском.",,,50,15-25 Июля,ЕНТ